MATRICULA   Nº 0000,,,,,,,,,Foto,
,,,,,,,,,,
Nome do Associado :,,,,,,,,,,
,,,,,,,,,,
Nacionalidade:,,,,,,,,,,
,,,,,,,,,,
Naturalidade,,,,,Idade:   ,,,Data de Nasc,,Sexo:
,,,,,,,,,,
Profissão :,,,CBO,,,,,Estado Civil:,,
,,,,,,,,,,
Escolaridade:,,,,,,,,,,
,,,,,,,,,,
Filiação:,,,,,,,,,,
,,,,,,,,,,
Nome da Mãe:,,,,,,,,,,
,,,,,,,,,,
Nome do Pai:,,,,,,,,,,
,,,,,,,,,,
Documentos Pessoais:,,,,,,,,,,
,,,,,,,,,,
CPF:,,,,,,,,,,
,,,,,,,,,,
RG:,,Órgão Emissor:,,,Data de Emissão:,,,,,
,,,,,,,,,,
CNH:,,Orgão Emissor :,,,Data de Emissão,,,Validade,,
,,,,,,,,,,
Titulo de Eleitor:,,,,,Zona:,,,Seção:,,
,,,,,,,,,,
Certificado de Dispensa:,,,,,,,,,,
,,,,,,,,,,
Residência:,,,,,,,,,,
Tipo Logradouro:,,Endereço: ,,,,,,Nº:,,
,,Bairro:,,,,,,Cidade:,,UF:
,,CEP,,,,,,Cód Municipio:,,
,,,,,,,,,,
Dados Complementares:,,NIT,,,PIS:,,,,,
,,,,,,,,,,
Data de Admissão:,00/00/0000,,,,,,,,,
Local:,"Cidade, 00 de XXXXXXXX de 0000.",,,,,,,,,
,,,,,,,,,,
,,,,,,,,,,
Assinatura:,___________________________________,,,,,,________________________________,,,
,Assinatura do Associado ,,,,,,Assinatura do Presidente,,,
,,,,,,,Nome:,,,
,,,,,,,RG:,,,
,,,,,,,,,,
,1 ______________________________________________,,,,,,,,,
Testemunhas:,,,Nome,,,,,,,
,,,,,,,,,,
,2 ______________________________________________,,,,,,,,,
,,,Nome,,,,,,,
,,,,,,,,,,
,,,,,,,,,,
TERMO DE DEMISSÃO,,,,,,,,,,
,,,,,,,,,,
Motivos :,,,,,,,,,,
,,,,,,,,,,
,,,,,,,,,,
Observações:,,,,,,,,,,
,,,,,,,,,,
,,,,,,,,,,
,,Data de Demissão:,,00/00/0000,,,,,,
,,Local: ,"Cidade, 00 de XXXXXXXX de 0000.",,,,,,,
,,,,,,,,,,
,____________________________,,,,,__________________________________,,,,
,Assinatura do Demissionário,,,,,Assinatura do Presidente,,,,